charge_desc,charge_degree,n_compas,n_recid,is_violent_recid,avg_decile_score,avg_v_decile_score,violent,drug,burglary/fraud,drinking/driving,I'm not sure,stalking,prostitution,stuff homeless people do,weird misdemeanors,weapons,driving
abuse without great harm,F,2,0.0,-Inf,3.5,2.5,NA,NA,NA,NA,NA,NA,NA,NA,NA,NA,NA
accessory after the fact,F,1,0.0,-Inf,3.0,1.0,NA,NA,NA,NA,NA,NA,NA,NA,NA,NA,NA
agg abuse elderlly/disabled adult,F,1,0.0,-Inf,2.0,2.0,1.0,NA,NA,NA,NA,NA,NA,NA,NA,NA,NA
agg assault law enforc officer,F,1,6.0,1.0,6.0,4.0,1.0,NA,NA,NA,NA,NA,NA,NA,NA,NA,NA
agg assault w/int com fel dome,F,7,4.0,1.0,4.857142857142857,4.714285714285714,1.0,NA,NA,NA,NA,NA,NA,NA,NA,NA,NA
agg batt w/arm s/b/i 25 min/ma,F,0,1.0,1.0,NaN,NaN,NA,NA,NA,NA,NA,NA,NA,NA,NA,NA,NA
agg battery bod hrm-deadly weap,F,0,1.0,1.0,NaN,NaN,NA,NA,NA,NA,NA,NA,NA,NA,NA,NA,NA
agg battery grt/bod/harm,F,32,21.0,1.0,3.75,2.875,1.0,NA,NA,NA,NA,NA,NA,NA,NA,NA,NA
agg battery law enforc officer,F,0,2.0,1.0,NaN,NaN,NA,NA,NA,NA,NA,NA,NA,NA,NA,NA,NA
agg flee/eluding (injury/prop damage),F,0,2.0,1.0,NaN,NaN,NA,NA,NA,NA,NA,NA,NA,NA,NA,NA,NA
agg fleeing and eluding,F,5,5.0,1.0,4.6,4.4,NA,NA,NA,NA,NA,NA,NA,NA,NA,NA,NA
agg fleeing and eluding,M,2,0.0,-Inf,3.5,2.5,NA,NA,NA,NA,NA,NA,NA,NA,NA,NA,NA
agg fleeing/eluding high speed,F,3,13.0,1.0,4.666666666666667,3.6666666666666665,NA,NA,NA,NA,NA,NA,NA,NA,NA,NA,NA
agg fleeing/eluding high speed,M,0,1.0,1.0,NaN,NaN,NA,NA,NA,NA,NA,NA,NA,NA,NA,NA,NA
"aggr child abuse-torture,punish",F,1,0.0,-Inf,2.0,1.0,1.0,NA,NA,NA,NA,NA,NA,NA,NA,NA,NA
aggrav battery w/deadly weapon,F,63,32.0,1.0,3.4603174603174605,3.0476190476190474,1.0,NA,NA,NA,NA,NA,NA,NA,NA,NA,NA
aggrav battery w/deadly weapon,M,2,2.0,1.0,3.0,1.0,1.0,NA,NA,NA,NA,NA,NA,NA,NA,NA,NA
aggrav child abuse-agg battery,F,3,2.0,1.0,4.666666666666667,4.0,1.0,NA,NA,NA,NA,NA,NA,NA,NA,NA,NA
aggrav child abuse-agg battery,M,1,0.0,-Inf,2.0,2.0,1.0,NA,NA,NA,NA,NA,NA,NA,NA,NA,NA
aggrav child abuse-causes harm,F,1,1.0,1.0,1.0,1.0,1.0,NA,NA,NA,NA,NA,NA,NA,NA,NA,NA
aggrav stalking after injunctn,F,7,8.0,0.0,4.571428571428571,4.142857142857143,1.0,NA,NA,NA,NA,NA,NA,NA,NA,NA,NA
aggravated assault,F,6,1.0,1.0,3.0,3.1666666666666665,1.0,NA,NA,NA,NA,NA,NA,NA,NA,NA,NA
aggravated assault w/dead weap,F,98,41.0,1.0,3.7857142857142856,3.326530612244898,1.0,NA,NA,NA,NA,NA,NA,NA,NA,NA,NA
aggravated assault w/dead weap,M,7,1.0,1.0,4.0,3.7142857142857144,1.0,NA,NA,NA,NA,NA,NA,NA,NA,NA,NA
aggravated assault w/firearm,F,23,13.0,1.0,3.3043478260869565,2.869565217391304,1.0,NA,NA,NA,NA,NA,NA,NA,NA,NA,NA
aggravated assault w/firearm,M,1,0.0,-Inf,4.0,6.0,1.0,NA,NA,NA,NA,NA,NA,NA,NA,NA,NA
aggravated assault w/o firearm,F,4,0.0,-Inf,1.75,1.5,1.0,NA,NA,NA,NA,NA,NA,NA,NA,NA,NA
aggravated battery,F,19,6.0,1.0,4.684210526315789,3.5789473684210527,1.0,NA,NA,NA,NA,NA,NA,NA,NA,NA,NA
aggravated battery,M,3,0.0,-Inf,5.333333333333333,5.666666666666667,1.0,NA,NA,NA,NA,NA,NA,NA,NA,NA,NA
aggravated battery (firearm),F,2,0.0,-Inf,3.0,2.0,1.0,NA,NA,NA,NA,NA,NA,NA,NA,NA,NA
aggravated battery (firearm/actual possession),F,1,0.0,-Inf,1.0,1.0,1.0,NA,NA,NA,NA,NA,NA,NA,NA,NA,NA
aggravated battery / pregnant,F,47,28.0,1.0,4.48936170212766,4.042553191489362,1.0,NA,NA,NA,NA,NA,NA,NA,NA,NA,NA
aggravated battery / pregnant,M,6,4.0,1.0,4.333333333333333,3.3333333333333335,1.0,NA,NA,NA,NA,NA,NA,NA,NA,NA,NA
aggravated battery on 65/older,F,2,1.0,1.0,2.0,3.0,1.0,NA,NA,NA,NA,NA,NA,NA,NA,NA,NA
aggress/panhandle/beg/solict,M,1,0.0,-Inf,5.0,4.0,NA,NA,NA,NA,NA,NA,NA,1.0,NA,NA,NA
aid/abet burglary assault/batt,F,0,2.0,1.0,NaN,NaN,NA,NA,NA,NA,NA,NA,NA,NA,NA,NA,NA
aide/abet prostitution lewdness,M,1,0.0,-Inf,4.0,4.0,NA,NA,NA,NA,NA,NA,1.0,NA,NA,NA,NA
aiding escape,F,2,0.0,-Inf,5.0,4.0,NA,NA,NA,NA,NA,NA,NA,NA,NA,NA,NA
alcoholic beverage violation-fl,M,2,0.0,-Inf,7.0,3.0,NA,NA,NA,1.0,NA,NA,NA,NA,NA,NA,NA
armed carjacking,F,0,1.0,1.0,NaN,NaN,NA,NA,NA,NA,NA,NA,NA,NA,NA,NA,NA
armed false imprisonment,F,0,2.0,1.0,NaN,NaN,NA,NA,NA,NA,NA,NA,NA,NA,NA,NA,NA
armed kidnapping,F,0,2.0,1.0,NaN,NaN,NA,NA,NA,NA,NA,NA,NA,NA,NA,NA,NA
armed sex batt/vict 12 yrs +,F,0,1.0,1.0,NaN,NaN,NA,NA,NA,NA,NA,NA,NA,NA,NA,NA,NA
armed trafficking in cannabis,F,1,0.0,-Inf,2.0,2.0,NA,1.0,NA,NA,NA,NA,NA,NA,NA,NA,NA
arrest case no charge,F,969,0.0,-Inf,5.019607843137255,4.091847265221878,NA,NA,NA,NA,NA,NA,NA,NA,NA,NA,NA
arrest case no charge,M,168,0.0,-Inf,5.386904761904762,3.9226190476190474,NA,NA,NA,NA,NA,NA,NA,NA,NA,NA,NA
arson ii (vehicle),F,1,1.0,1.0,2.0,2.0,NA,NA,1.0,NA,NA,NA,NA,NA,NA,NA,NA
arson in the first degree,F,2,0.0,-Inf,3.0,3.5,NA,NA,NA,NA,NA,NA,NA,NA,1.0,NA,NA
arson in the second degree,F,0,1.0,1.0,NaN,NaN,NA,NA,NA,NA,NA,NA,NA,NA,NA,NA,NA
assault,M,41,17.0,1.0,5.0,4.317073170731708,1.0,NA,NA,NA,NA,NA,NA,NA,NA,NA,NA
assault law enforcement officer,M,1,1.0,1.0,9.0,8.0,1.0,NA,NA,NA,NA,NA,NA,NA,NA,NA,NA
assault on law enforc officer,M,0,4.0,1.0,NaN,NaN,NA,NA,NA,NA,NA,NA,NA,NA,NA,NA,NA
att burgl conv occp,F,1,0.0,-Inf,9.0,6.0,NA,NA,1.0,NA,NA,NA,NA,NA,NA,NA,NA
att burgl struc/conv dwel/occp,F,1,1.0,0.0,1.0,1.0,NA,NA,NA,1.0,NA,NA,NA,NA,NA,NA,NA
att burgl unoccupied dwel,F,13,1.0,0.0,6.153846153846154,5.230769230769231,NA,NA,1.0,NA,NA,NA,NA,NA,NA,NA,NA
att robbery sudd snatch no weap,F,0,1.0,1.0,NaN,NaN,NA,NA,NA,NA,NA,NA,NA,NA,NA,NA,NA
att tamper w/physical evidence,F,4,0.0,-Inf,5.0,3.75,NA,NA,NA,NA,NA,NA,NA,NA,NA,NA,NA
attempt armed burglary dwell,F,1,0.0,-Inf,5.0,7.0,NA,NA,1.0,NA,NA,NA,NA,NA,NA,NA,NA
attempt burglary (struct),F,1,1.0,1.0,3.0,2.0,NA,NA,1.0,NA,NA,NA,NA,NA,NA,NA,NA
attempt crim use of personal id info,F,0,1.0,0.0,NaN,NaN,NA,NA,NA,NA,NA,NA,NA,NA,NA,NA,NA
attempt felony murder,F,0,1.0,1.0,NaN,NaN,NA,NA,NA,NA,NA,NA,NA,NA,NA,NA,NA
attempt murder in the first degree,F,0,3.0,1.0,NaN,NaN,NA,NA,NA,NA,NA,NA,NA,NA,NA,NA,NA
attempted burg/convey/unocc,F,3,0.0,-Inf,3.6666666666666665,5.333333333333333,NA,NA,NA,1.0,NA,NA,NA,NA,NA,NA,NA
attempted burg/struct/unocc,F,1,1.0,0.0,9.0,10.0,NA,NA,1.0,NA,NA,NA,NA,NA,NA,NA,NA
attempted deliv control subst,F,1,0.0,-Inf,7.0,6.0,NA,1.0,NA,NA,NA,NA,NA,NA,NA,NA,NA
attempted escape,F,0,1.0,0.0,NaN,NaN,NA,NA,NA,NA,NA,NA,NA,NA,NA,NA,NA
attempted robbery  no weapon,F,6,4.0,1.0,4.666666666666667,5.666666666666667,NA,NA,1.0,NA,NA,NA,NA,NA,NA,NA,NA
attempted robbery  weapon,F,1,0.0,-Inf,1.0,2.0,NA,NA,1.0,NA,NA,NA,NA,NA,NA,NA,NA
attempted robbery firearm,F,1,1.0,1.0,6.0,6.0,NA,NA,1.0,NA,NA,NA,NA,NA,NA,NA,NA
battery,M,1156,344.0,1.0,3.5051903114186853,3.1193771626297577,1.0,NA,NA,NA,NA,NA,NA,NA,NA,NA,NA
battery emergency care provide,F,3,1.0,1.0,5.0,3.0,1.0,NA,NA,NA,NA,NA,NA,NA,NA,NA,NA
battery on a person over 65,F,16,7.0,1.0,3.0625,2.1875,1.0,NA,NA,NA,NA,NA,NA,NA,NA,NA,NA
battery on a person over 65,M,1,0.0,-Inf,1.0,1.0,1.0,NA,NA,NA,NA,NA,NA,NA,NA,NA,NA
battery on fire fighter,F,1,0.0,-Inf,5.0,4.0,1.0,NA,NA,NA,NA,NA,NA,NA,NA,NA,NA
battery on law enforc officer,F,50,38.0,1.0,4.44,3.76,1.0,NA,NA,NA,NA,NA,NA,NA,NA,NA,NA
battery on law enforc officer,M,6,0.0,-Inf,2.3333333333333335,1.6666666666666667,1.0,NA,NA,NA,NA,NA,NA,NA,NA,NA,NA
battery on parking enfor speci,M,1,0.0,-Inf,1.0,1.0,1.0,NA,NA,NA,NA,NA,NA,NA,NA,NA,NA
battery spouse or girlfriend,M,1,1.0,1.0,6.0,4.0,1.0,NA,NA,NA,NA,NA,NA,NA,NA,NA,NA
battery upon detainee,F,0,3.0,1.0,NaN,NaN,NA,NA,NA,NA,NA,NA,NA,NA,NA,NA,NA
bribery athletic contests,F,1,0.0,-Inf,9.0,8.0,NA,NA,1.0,NA,NA,NA,NA,NA,NA,NA,NA
burgl dwel/struct/convey armed,F,1,2.0,0.0,3.0,4.0,NA,NA,1.0,NA,NA,NA,NA,NA,NA,NA,NA
burglary assault/battery armed,F,2,0.0,-Inf,1.5,1.5,NA,NA,1.0,NA,NA,NA,NA,NA,NA,NA,NA
burglary conveyance armed,F,7,0.0,-Inf,5.428571428571429,4.571428571428571,NA,NA,1.0,NA,NA,NA,NA,NA,NA,NA,NA
burglary conveyance assault/bat,F,6,2.0,1.0,4.0,4.5,1.0,NA,1.0,NA,NA,NA,NA,NA,NA,NA,NA
burglary conveyance occupied,F,3,0.0,-Inf,4.666666666666667,3.6666666666666665,NA,NA,1.0,NA,NA,NA,NA,NA,NA,NA,NA
burglary conveyance occupied,M,1,1.0,0.0,2.0,2.0,NA,NA,1.0,NA,NA,NA,NA,NA,NA,NA,NA
burglary conveyance unoccup,F,76,19.0,0.0,5.592105263157895,5.223684210526316,NA,NA,1.0,NA,NA,NA,NA,NA,NA,NA,NA
burglary conveyance unoccup,M,1,0.0,-Inf,6.0,3.0,NA,NA,1.0,NA,NA,NA,NA,NA,NA,NA,NA
burglary dwelling armed,F,6,4.0,1.0,4.666666666666667,6.166666666666667,NA,NA,1.0,NA,NA,NA,NA,NA,NA,NA,NA
burglary dwelling assault/batt,F,21,8.0,1.0,3.9523809523809526,3.5238095238095237,1.0,NA,1.0,NA,NA,NA,NA,NA,NA,NA,NA
burglary dwelling assault/batt,M,0,1.0,1.0,NaN,NaN,1.0,NA,1.0,NA,NA,NA,NA,NA,NA,NA,NA
burglary dwelling occupied,F,25,8.0,0.0,5.08,4.36,NA,NA,1.0,NA,NA,NA,NA,NA,NA,NA,NA
burglary dwelling occupied,M,1,0.0,-Inf,4.0,7.0,NA,NA,1.0,NA,NA,NA,NA,NA,NA,NA,NA
burglary structure assault/batt,F,1,1.0,0.0,7.0,9.0,1.0,NA,1.0,NA,NA,NA,NA,NA,NA,NA,NA
burglary structure occupied,F,1,0.0,-Inf,4.0,4.0,NA,NA,1.0,NA,NA,NA,NA,NA,NA,NA,NA
burglary structure unoccup,F,35,8.0,0.0,4.914285714285715,4.485714285714286,NA,NA,1.0,NA,NA,NA,NA,NA,NA,NA,NA
burglary structure unoccup,M,4,0.0,-Inf,2.75,2.75,NA,NA,1.0,NA,NA,NA,NA,NA,NA,NA,NA
burglary unoccupied dwelling,F,80,20.0,0.0,5.6,5.1875,NA,NA,1.0,NA,NA,NA,NA,NA,NA,NA,NA
burglary unoccupied dwelling,M,4,0.0,-Inf,4.5,5.5,NA,NA,1.0,NA,NA,NA,NA,NA,NA,NA,NA
burglary with assault/battery,F,7,3.0,1.0,3.142857142857143,2.0,1.0,NA,1.0,NA,NA,NA,NA,NA,NA,NA,NA
burglary with assault/battery,M,1,0.0,-Inf,1.0,1.0,1.0,NA,1.0,NA,NA,NA,NA,NA,NA,NA,NA
carjacking,F,0,1.0,1.0,NaN,NaN,NA,NA,NA,NA,NA,NA,NA,NA,NA,NA,NA
carjacking w/o deadly weapon,F,1,0.0,-Inf,3.0,6.0,NA,NA,1.0,NA,NA,NA,NA,NA,NA,NA,NA
carjacking with a firearm,F,1,0.0,-Inf,10.0,9.0,NA,NA,1.0,NA,NA,NA,NA,NA,NA,NA,NA
carry open/uncov bev in pub,M,2,3.0,0.0,4.0,1.5,NA,NA,NA,1.0,NA,NA,NA,1.0,NA,NA,NA
carrying a concealed weapon,M,3,4.0,0.0,4.333333333333333,3.0,NA,NA,NA,NA,NA,NA,NA,NA,NA,1.0,NA
carrying concealed firearm,F,36,2.0,0.0,4.833333333333333,4.666666666666667,NA,NA,NA,NA,NA,NA,NA,NA,NA,1.0,NA
carrying concealed firearm,M,1,0.0,-Inf,2.0,2.0,NA,NA,NA,NA,NA,NA,NA,NA,NA,1.0,NA
cash item w/intent to defraud,F,2,1.0,0.0,4.5,5.0,NA,NA,1.0,NA,NA,NA,NA,NA,NA,NA,NA
cause anoth phone ring repeat,M,1,0.0,-Inf,6.0,7.0,NA,NA,NA,NA,NA,NA,NA,NA,NA,NA,NA
child abuse,F,16,10.0,1.0,2.75,2.625,1.0,NA,NA,NA,NA,NA,NA,NA,NA,NA,NA
child abuse,M,1,0.0,-Inf,1.0,2.0,1.0,NA,NA,NA,NA,NA,NA,NA,NA,NA,NA
child neglect/delinquency,M,0,1.0,0.0,NaN,NaN,NA,NA,NA,NA,NA,NA,NA,NA,NA,NA,NA
compulsory attendance violation,M,1,1.0,0.0,2.0,2.0,NA,NA,NA,NA,NA,NA,NA,NA,NA,NA,NA
compulsory sch attnd violation,M,1,0.0,-Inf,1.0,1.0,NA,NA,NA,NA,NA,NA,NA,NA,NA,NA,NA
computer pornography,F,1,0.0,-Inf,1.0,2.0,NA,NA,NA,NA,NA,NA,NA,NA,1.0,NA,NA
consp traff oxycodone  4g><14g,F,1,0.0,-Inf,4.0,3.0,NA,1.0,NA,NA,NA,NA,NA,NA,NA,NA,NA
consp traff oxycodone 28g><30k,F,1,0.0,-Inf,5.0,5.0,NA,1.0,NA,NA,NA,NA,NA,NA,NA,NA,NA
conspiracy dealing stolen prop,F,1,0.0,-Inf,6.0,4.0,NA,NA,1.0,NA,NA,NA,NA,NA,NA,NA,NA
conspiracy to deliver cocaine,F,1,0.0,-Inf,5.0,2.0,NA,1.0,NA,NA,NA,NA,NA,NA,NA,NA,NA
conspire traffic illegal drugs,F,0,1.0,0.0,NaN,NaN,NA,NA,NA,NA,NA,NA,NA,NA,NA,NA,NA
consume alcoholic bev pub,M,1,0.0,-Inf,5.0,1.0,NA,1.0,NA,NA,NA,NA,NA,NA,NA,NA,NA
contempt of court,F,0,2.0,0.0,NaN,NaN,NA,NA,NA,NA,NA,NA,NA,NA,NA,NA,NA
contradict statement,F,1,0.0,-Inf,1.0,1.0,NA,NA,NA,NA,NA,NA,NA,NA,NA,NA,NA
contribute delinq/depnd of minor,M,0,1.0,0.0,NaN,NaN,NA,NA,NA,NA,NA,NA,NA,NA,NA,NA,NA
contribute delinquency of a minor,M,2,0.0,-Inf,2.5,2.5,NA,NA,NA,NA,NA,NA,NA,NA,1.0,NA,NA
corrupt public servant,F,12,1.0,0.0,4.583333333333333,4.083333333333333,NA,NA,1.0,NA,NA,NA,NA,NA,NA,NA,NA
counterfeit lic plates/sticker,F,1,0.0,-Inf,2.0,2.0,NA,NA,1.0,NA,NA,NA,NA,NA,NA,NA,NA
credit card theft,M,0,1.0,0.0,NaN,NaN,NA,NA,NA,NA,NA,NA,NA,NA,NA,NA,NA
crim attempt/solic/consp,F,1,0.0,-Inf,9.0,6.0,NA,NA,NA,NA,NA,NA,NA,NA,NA,NA,NA
crim attempt/solicit/consp,M,2,0.0,-Inf,5.0,3.0,NA,NA,1.0,NA,NA,NA,NA,NA,NA,NA,NA
crim use of personal id info,F,32,11.0,0.0,4.1875,3.53125,NA,NA,1.0,NA,NA,NA,NA,NA,NA,NA,NA
crimin mischief damage $1000+,F,18,6.0,0.0,5.0,3.8333333333333335,NA,NA,1.0,NA,NA,NA,NA,NA,NA,NA,NA
criminal attempt 3rd deg felon,F,1,0.0,-Inf,3.0,4.0,NA,NA,NA,NA,NA,NA,NA,NA,NA,NA,NA
criminal mischief,F,11,0.0,-Inf,4.2727272727272725,3.4545454545454546,NA,NA,1.0,NA,NA,NA,NA,NA,NA,NA,NA
criminal mischief,M,4,5.0,0.0,3.5,3.25,NA,NA,1.0,NA,NA,NA,NA,NA,NA,NA,NA
criminal mischief damage <$200,M,14,5.0,0.0,3.9285714285714284,4.214285714285714,NA,NA,1.0,NA,NA,NA,NA,NA,NA,NA,NA
criminal mischief>$200<$1000,M,11,14.0,0.0,4.909090909090909,4.454545454545454,NA,NA,1.0,NA,NA,NA,NA,NA,NA,NA,NA
crlty twrd child urge oth act,F,1,0.0,-Inf,5.0,3.0,1.0,NA,NA,NA,NA,NA,NA,NA,NA,NA,NA
cruelty to animals,F,1,0.0,-Inf,3.0,2.0,NA,NA,NA,NA,NA,NA,NA,NA,NA,NA,NA
cruelty to animals,M,0,1.0,1.0,NaN,NaN,NA,NA,NA,NA,NA,NA,NA,NA,NA,NA,NA
cruelty toward child,F,11,0.0,-Inf,2.4545454545454546,2.272727272727273,1.0,NA,NA,NA,NA,NA,NA,NA,NA,NA,NA
culpable negligence,M,2,1.0,0.0,4.5,5.0,NA,NA,NA,NA,NA,NA,NA,NA,NA,NA,NA
d.u.i. serious bodily injury,F,2,1.0,1.0,4.5,5.5,NA,NA,NA,1.0,NA,NA,NA,NA,NA,NA,NA
dealing in stolen property,F,12,2.0,0.0,4.083333333333333,4.25,NA,NA,1.0,NA,NA,NA,NA,NA,NA,NA,NA
dealing in stolen property,M,1,0.0,-Inf,9.0,8.0,NA,NA,1.0,NA,NA,NA,NA,NA,NA,NA,NA
defrauding innkeeper,M,1,2.0,0.0,3.0,2.0,NA,NA,1.0,NA,NA,NA,NA,NA,NA,NA,NA
defrauding innkeeper $300/less,M,0,1.0,0.0,NaN,NaN,NA,NA,NA,NA,NA,NA,NA,NA,NA,NA,NA
defrauding innkeeper $300/more,F,1,0.0,-Inf,7.0,2.0,NA,NA,1.0,NA,NA,NA,NA,NA,NA,NA,NA
"del 3,4 methylenedioxymethcath",F,1,0.0,-Inf,5.0,3.0,NA,1.0,NA,NA,NA,NA,NA,NA,NA,NA,NA
del cannabis at/near park,F,2,0.0,-Inf,5.5,6.5,NA,1.0,NA,NA,NA,NA,NA,NA,NA,NA,NA
del cannabis for consideration,F,4,0.0,-Inf,5.75,4.5,NA,1.0,NA,NA,NA,NA,NA,NA,NA,NA,NA
del morphine at/near park,F,1,0.0,-Inf,5.0,3.0,NA,1.0,NA,NA,NA,NA,NA,NA,NA,NA,NA
del of jwh-250 2-methox 1-pentyl,F,1,0.0,-Inf,4.0,5.0,NA,1.0,NA,NA,NA,NA,NA,NA,NA,NA,NA
"deliver 3,4 methylenediox",F,14,2.0,0.0,6.5,5.142857142857143,NA,1.0,NA,NA,NA,NA,NA,NA,NA,NA,NA
deliver alprazolam,F,1,0.0,-Inf,1.0,1.0,NA,1.0,NA,NA,NA,NA,NA,NA,NA,NA,NA
deliver cannabis,F,17,2.0,0.0,6.294117647058823,5.117647058823529,NA,1.0,NA,NA,NA,NA,NA,NA,NA,NA,NA
deliver cannabis 1000ftsch,F,1,1.0,0.0,5.0,7.0,NA,1.0,NA,NA,NA,NA,NA,NA,NA,NA,NA
deliver cocaine,F,29,10.0,0.0,6.620689655172414,5.275862068965517,NA,1.0,NA,NA,NA,NA,NA,NA,NA,NA,NA
deliver cocaine 1000ft church,F,1,0.0,-Inf,10.0,9.0,NA,1.0,NA,NA,NA,NA,NA,NA,NA,NA,NA
deliver cocaine 1000ft park,F,1,1.0,0.0,7.0,3.0,NA,1.0,NA,NA,NA,NA,NA,NA,NA,NA,NA
deliver cocaine 1000ft school,F,1,2.0,0.0,7.0,4.0,NA,1.0,NA,NA,NA,NA,NA,NA,NA,NA,NA
deliver cocaine 1000ft store,F,1,0.0,-Inf,3.0,1.0,NA,1.0,NA,NA,NA,NA,NA,NA,NA,NA,NA
delivery of 5-fluoro pb-22,F,1,0.0,-Inf,1.0,1.0,NA,1.0,NA,NA,NA,NA,NA,NA,NA,NA,NA
delivery of drug paraphernalia,F,1,0.0,-Inf,1.0,1.0,NA,1.0,NA,NA,NA,NA,NA,NA,NA,NA,NA
delivery of heroin,F,1,0.0,-Inf,7.0,3.0,NA,1.0,NA,NA,NA,NA,NA,NA,NA,NA,NA
depriv leo of protect/communic,F,2,1.0,0.0,5.0,4.5,NA,NA,NA,NA,NA,NA,NA,NA,NA,NA,NA
destroy damage alter elec monitor equip,F,0,2.0,0.0,NaN,NaN,NA,NA,NA,NA,NA,NA,NA,NA,NA,NA,NA
discharge firearm from vehicle,M,1,0.0,-Inf,2.0,3.0,NA,NA,NA,NA,NA,NA,NA,NA,NA,NA,NA
discharge firearm in public/res,M,0,1.0,1.0,NaN,NaN,NA,NA,NA,NA,NA,NA,NA,NA,NA,NA,NA
disobey officer/fireman,M,0,2.0,0.0,NaN,NaN,NA,NA,NA,NA,NA,NA,NA,NA,NA,NA,NA
disorderly conduct,M,32,17.0,0.0,3.46875,3.15625,NA,NA,NA,1.0,NA,NA,NA,1.0,NA,NA,NA
disorderly intoxication,M,16,11.0,0.0,4.875,3.5,NA,NA,NA,1.0,NA,NA,NA,NA,NA,NA,NA
disrupting school function,M,1,0.0,-Inf,4.0,6.0,NA,NA,NA,NA,NA,NA,NA,NA,1.0,NA,NA
doc/cause public danger,M,2,0.0,-Inf,5.5,2.5,NA,NA,NA,NA,NA,NA,NA,NA,1.0,NA,NA
doc/engage in fighting,M,0,2.0,1.0,NaN,NaN,NA,NA,NA,NA,NA,NA,NA,NA,NA,NA,NA
doc/fighting/threatening words,M,0,1.0,1.0,NaN,NaN,NA,NA,NA,NA,NA,NA,NA,NA,NA,NA,NA
drink near licensed establishm,C,0,1.0,0.0,NaN,NaN,NA,NA,NA,NA,NA,NA,NA,NA,NA,NA,NA
drink/premises licensed estab,C,0,1.0,0.0,NaN,NaN,NA,NA,NA,NA,NA,NA,NA,NA,NA,NA,NA
drinking alch beverage in open,M,0,4.0,0.0,NaN,NaN,NA,NA,NA,NA,NA,NA,NA,NA,NA,NA,NA
drivg while lic suspd/revk/can,F,7,3.0,0.0,4.714285714285714,3.4285714285714284,NA,NA,NA,1.0,NA,NA,NA,NA,NA,NA,NA
driving license suspended,M,68,258.0,0.0,4.102941176470588,3.0588235294117645,NA,NA,NA,NA,NA,NA,NA,NA,NA,NA,1.0
driving under the influence,M,135,23.0,0.0,2.1555555555555554,1.9333333333333333,NA,NA,NA,1.0,NA,NA,NA,NA,NA,NA,NA
driving while dl susp / financial resp,M,0,8.0,0.0,NaN,NaN,NA,NA,NA,NA,NA,NA,NA,NA,NA,NA,NA
driving while license revoked,F,200,39.0,0.0,5.12,3.575,NA,NA,NA,1.0,NA,NA,NA,NA,NA,NA,NA
dui - enhanced,M,14,1.0,0.0,2.0,1.5714285714285714,NA,NA,NA,1.0,NA,NA,NA,NA,NA,NA,NA
dui - property damage/personal injury,M,2,0.0,-Inf,5.0,4.5,NA,NA,NA,1.0,NA,NA,NA,NA,NA,NA,NA
dui blood alcohol above 0.20,M,5,0.0,-Inf,2.4,1.4,NA,NA,NA,1.0,NA,NA,NA,NA,NA,NA,NA
dui level 0.15 or minor in veh,M,57,1.0,0.0,1.7543859649122806,1.6491228070175439,NA,1.0,NA,NA,NA,NA,NA,NA,NA,NA,NA
dui property damage/injury,M,74,4.0,0.0,1.8108108108108107,1.6486486486486487,NA,NA,1.0,NA,NA,NA,NA,NA,NA,NA,NA
dui- enhanced,M,6,1.0,0.0,1.0,1.0,NA,NA,NA,1.0,NA,NA,NA,NA,NA,NA,NA
dui/property damage/persnl inj,M,2,0.0,-Inf,1.5,1.5,NA,NA,NA,1.0,NA,NA,NA,NA,NA,NA,NA
dwi w/inj susp lic / habit off,F,2,0.0,-Inf,3.0,2.0,NA,NA,NA,1.0,NA,NA,NA,NA,NA,NA,NA
dwls canceled disqul 1st off,M,2,17.0,0.0,5.0,2.0,NA,NA,NA,NA,NA,NA,NA,NA,NA,NA,1.0
dwls child support 1st offense,M,0,1.0,0.0,NaN,NaN,NA,NA,NA,NA,NA,NA,NA,NA,NA,NA,NA
dwls habitual offender 2nd,M,0,1.0,0.0,NaN,NaN,NA,NA,NA,NA,NA,NA,NA,NA,NA,NA,NA
dwls susp/cancel revoked,M,1,0.0,-Inf,1.0,1.0,NA,NA,NA,NA,NA,NA,NA,NA,NA,NA,1.0
dwls suspend cancel revoked,M,0,1.0,0.0,NaN,NaN,NA,NA,NA,NA,NA,NA,NA,NA,NA,NA,NA
dwls/license susp/revoked,M,0,2.0,0.0,NaN,NaN,NA,NA,NA,NA,NA,NA,NA,NA,NA,NA,NA
eng/bus/contract w/o license,M,0,1.0,0.0,NaN,NaN,NA,NA,NA,NA,NA,NA,NA,NA,NA,NA,NA
enter city park/ prohibited hrs,M,0,1.0,0.0,NaN,NaN,NA,NA,NA,NA,NA,NA,NA,NA,NA,NA,NA
escape,F,2,1.0,0.0,5.5,4.5,NA,NA,NA,NA,NA,NA,NA,NA,NA,NA,NA
exhibition weapon school prop,F,1,0.0,-Inf,7.0,6.0,NA,NA,NA,NA,NA,NA,NA,NA,NA,NA,NA
expired dl more than 6 months,M,7,17.0,0.0,3.2857142857142856,2.857142857142857,NA,NA,NA,NA,NA,NA,NA,NA,NA,NA,1.0
expired tag/ reg>6 months 2nd,M,0,4.0,0.0,NaN,NaN,NA,NA,NA,NA,NA,NA,NA,NA,NA,NA,NA
exploit elderly person 20-100k,F,1,0.0,-Inf,4.0,1.0,NA,NA,1.0,NA,NA,NA,NA,NA,NA,NA,NA
exposes culpable negligence,M,12,2.0,0.0,3.6666666666666665,3.25,NA,NA,NA,NA,NA,NA,NA,NA,NA,NA,NA
extradition/defendants,M,3,15.0,0.0,8.666666666666666,5.0,NA,NA,NA,NA,NA,NA,NA,NA,NA,NA,NA
fabricating physical evidence,F,1,0.0,-Inf,7.0,6.0,NA,NA,NA,NA,NA,NA,NA,NA,NA,NA,NA
fail change address on veh reg,M,0,1.0,0.0,NaN,NaN,NA,NA,NA,NA,NA,NA,NA,NA,NA,NA,NA
fail obey driv lic restrictions,M,1,2.0,0.0,2.0,4.0,NA,NA,NA,NA,NA,NA,NA,NA,NA,NA,1.0
fail register career offender,F,1,1.0,0.0,4.0,4.0,NA,NA,NA,NA,NA,NA,NA,NA,NA,NA,NA
fail register vehicle,M,7,43.0,0.0,4.714285714285714,4.571428571428571,NA,NA,NA,NA,NA,NA,NA,NA,NA,NA,1.0
fail sex offend report bylaw,F,1,0.0,-Inf,4.0,2.0,NA,NA,NA,NA,NA,NA,NA,NA,NA,NA,NA
fail to obey police officer,M,4,4.0,0.0,3.25,2.0,NA,NA,NA,NA,NA,NA,NA,NA,NA,NA,NA
fail to redeliv hire/leas prop,F,3,0.0,-Inf,3.3333333333333335,1.6666666666666667,NA,NA,1.0,NA,NA,NA,NA,NA,NA,NA,NA
fail to redeliver hire prop,F,1,0.0,-Inf,8.0,6.0,NA,NA,1.0,NA,NA,NA,NA,NA,NA,NA,NA
fail to report change/residence,F,0,2.0,0.0,NaN,NaN,NA,NA,NA,NA,NA,NA,NA,NA,NA,NA,NA
fail to secure load,M,1,0.0,-Inf,1.0,1.0,NA,NA,NA,NA,NA,NA,NA,NA,NA,NA,NA
failure to pay taxi cab charge,M,1,0.0,-Inf,5.0,6.0,NA,NA,1.0,NA,NA,NA,NA,NA,NA,NA,NA
failure to return hired vehicle,F,5,1.0,0.0,2.0,1.8,NA,NA,1.0,NA,NA,NA,NA,NA,NA,NA,NA
false 911 call,F,1,0.0,-Inf,1.0,1.0,NA,NA,NA,NA,NA,NA,NA,NA,1.0,NA,NA
false bomb report,F,1,0.0,-Inf,3.0,1.0,NA,NA,NA,NA,NA,NA,NA,NA,1.0,NA,NA
false imprisonment,F,25,10.0,0.0,3.88,3.48,NA,NA,NA,NA,NA,NA,NA,NA,NA,NA,NA
false info leo during invest,M,1,0.0,-Inf,6.0,5.0,NA,NA,NA,NA,NA,NA,NA,NA,NA,NA,NA
false motor veh insurance card,F,3,1.0,0.0,4.0,3.6666666666666665,NA,NA,NA,NA,NA,NA,NA,NA,NA,NA,1.0
false name by person arrest,F,1,0.0,-Inf,6.0,3.0,NA,NA,1.0,NA,NA,NA,NA,NA,NA,NA,NA
false ownership info/pawn item,F,19,16.0,0.0,5.0,4.2105263157894735,NA,NA,1.0,NA,NA,NA,NA,NA,NA,NA,NA
false reports,M,0,1.0,0.0,NaN,NaN,NA,NA,NA,NA,NA,NA,NA,NA,NA,NA,NA
false verif ownership pawn shp,F,0,4.0,0.0,NaN,NaN,NA,NA,NA,NA,NA,NA,NA,NA,NA,NA,NA
falsely impersonating officer,F,1,0.0,-Inf,3.0,4.0,NA,NA,1.0,NA,NA,NA,NA,NA,NA,NA,NA
falsely personating officer,F,0,1.0,0.0,NaN,NaN,NA,NA,NA,NA,NA,NA,NA,NA,NA,NA,NA
fel drive license perm revoke,F,4,0.0,-Inf,2.5,1.0,NA,NA,NA,1.0,NA,NA,NA,NA,NA,NA,NA
felon in pos of firearm or amm,F,3,2.0,0.0,8.666666666666666,7.666666666666667,NA,NA,NA,NA,NA,NA,NA,NA,NA,1.0,NA
felony batt(great bodily harm),F,11,3.0,1.0,4.0,3.4545454545454546,1.0,NA,NA,NA,NA,NA,NA,NA,NA,NA,NA
felony battery,F,12,4.0,1.0,5.666666666666667,4.833333333333333,1.0,NA,NA,NA,NA,NA,NA,NA,NA,NA,NA
felony battery,M,1,0.0,-Inf,2.0,2.0,1.0,NA,NA,NA,NA,NA,NA,NA,NA,NA,NA
felony battery (dom strang),F,95,39.0,1.0,3.042105263157895,2.642105263157895,1.0,NA,NA,NA,NA,NA,NA,NA,NA,NA,NA
felony battery (dom strang),M,5,0.0,-Inf,2.8,2.8,1.0,NA,NA,NA,NA,NA,NA,NA,NA,NA,NA
felony battery w/prior convict,F,44,31.0,1.0,5.840909090909091,4.75,1.0,NA,NA,NA,NA,NA,NA,NA,NA,NA,NA
felony battery w/prior convict,M,2,2.0,1.0,2.5,1.5,1.0,NA,NA,NA,NA,NA,NA,NA,NA,NA,NA
felony committing prostitution,F,5,3.0,0.0,6.6,3.4,NA,NA,NA,NA,NA,NA,1.0,NA,NA,NA,NA
felony driving while lic suspd,F,96,3.0,0.0,3.6875,2.5520833333333335,NA,NA,NA,1.0,NA,NA,NA,NA,NA,NA,NA
felony dui - enhanced,F,1,0.0,-Inf,1.0,1.0,NA,NA,NA,1.0,NA,NA,NA,NA,NA,NA,NA
felony dui (level 3),F,8,0.0,-Inf,5.125,3.625,NA,NA,NA,1.0,NA,NA,NA,NA,NA,NA,NA
felony petit theft,F,68,32.0,0.0,6.647058823529412,4.161764705882353,NA,NA,1.0,NA,NA,NA,NA,NA,NA,NA,NA
felony/driving under influence,F,6,0.0,-Inf,1.8333333333333333,1.1666666666666667,NA,NA,NA,1.0,NA,NA,NA,NA,NA,NA,NA
felony/driving under influence,M,1,0.0,-Inf,5.0,2.0,NA,NA,NA,1.0,NA,NA,NA,NA,NA,NA,NA
fighting/baiting animals,F,1,0.0,-Inf,8.0,9.0,NA,NA,NA,NA,NA,NA,NA,NA,1.0,NA,NA
fighting/baiting animals,M,1,0.0,-Inf,5.0,4.0,NA,NA,NA,NA,NA,NA,NA,NA,1.0,NA,NA
fish/wildlife viol landing requirements,M,0,1.0,0.0,NaN,NaN,NA,NA,NA,NA,NA,NA,NA,NA,NA,NA,NA
flee/elude leo-agg flee unsafe,F,1,0.0,-Inf,1.0,1.0,NA,NA,NA,NA,NA,NA,NA,NA,NA,NA,NA
fleeing or attmp eluding a leo,F,15,2.0,0.0,5.333333333333333,4.266666666666667,NA,NA,NA,NA,NA,NA,NA,NA,NA,NA,NA
fleeing or attmp eluding a leo,M,1,0.0,-Inf,1.0,1.0,NA,NA,NA,NA,NA,NA,NA,NA,NA,NA,NA
fleeing or eluding a leo,F,6,1.0,0.0,5.166666666666667,5.5,NA,NA,NA,NA,NA,NA,NA,NA,NA,NA,NA
fleeing or eluding a leo,M,2,0.0,-Inf,1.0,1.5,NA,NA,NA,NA,NA,NA,NA,NA,NA,NA,NA
food license violation,M,0,1.0,0.0,NaN,NaN,NA,NA,NA,NA,NA,NA,NA,NA,NA,NA,NA
forge revoked expired credit card,M,0,1.0,0.0,NaN,NaN,NA,NA,NA,NA,NA,NA,NA,NA,NA,NA,NA
forging bank bills/promis note,F,3,0.0,-Inf,3.3333333333333335,2.3333333333333335,NA,NA,1.0,NA,NA,NA,NA,NA,NA,NA,NA
fraud obtain driver license,F,0,1.0,0.0,NaN,NaN,NA,NA,NA,NA,NA,NA,NA,NA,NA,NA,NA
fraud obtain food or lodging,M,1,0.0,-Inf,1.0,1.0,NA,NA,1.0,NA,NA,NA,NA,NA,NA,NA,NA
fraud obtain/ use disable permit,M,0,1.0,0.0,NaN,NaN,NA,NA,NA,NA,NA,NA,NA,NA,NA,NA,NA
fraud use/persnl id info/deceased,F,0,1.0,0.0,NaN,NaN,NA,NA,NA,NA,NA,NA,NA,NA,NA,NA,NA
fraudulent use credit card,F,0,2.0,0.0,NaN,NaN,NA,NA,NA,NA,NA,NA,NA,NA,NA,NA,NA
fraudulent use of credit card,F,7,2.0,0.0,5.714285714285714,3.7142857142857144,NA,NA,1.0,NA,NA,NA,NA,NA,NA,NA,NA
fraudulent use of credit card,M,0,1.0,0.0,NaN,NaN,NA,NA,1.0,NA,NA,NA,NA,NA,NA,NA,NA
gambling/gamb paraphernalia,M,1,0.0,-Inf,10.0,8.0,NA,NA,NA,NA,1.0,NA,NA,NA,NA,NA,NA
giving false crime report,M,1,1.0,0.0,9.0,8.0,NA,NA,NA,NA,NA,NA,NA,NA,NA,NA,NA
grand theft (motor vehicle),F,96,26.0,0.0,5.760416666666667,5.010416666666667,NA,NA,1.0,NA,NA,NA,NA,NA,NA,NA,NA
grand theft (motor vehicle),M,3,0.0,-Inf,4.333333333333333,4.0,NA,NA,1.0,NA,NA,NA,NA,NA,NA,NA,NA
grand theft dwell property,F,4,2.0,0.0,8.0,9.0,NA,NA,1.0,NA,NA,NA,NA,NA,NA,NA,NA
grand theft firearm,F,6,4.0,0.0,5.166666666666667,4.5,NA,NA,1.0,NA,NA,NA,NA,NA,NA,NA,NA
grand theft in the 1st degree,F,4,0.0,-Inf,1.25,1.0,NA,NA,1.0,NA,NA,NA,NA,NA,NA,NA,NA
grand theft in the 3rd degree,F,423,160.0,0.0,4.879432624113475,4.198581560283688,NA,NA,1.0,NA,NA,NA,NA,NA,NA,NA,NA
grand theft in the 3rd degree,M,4,0.0,-Inf,5.5,4.0,NA,NA,1.0,NA,NA,NA,NA,NA,NA,NA,NA
grand theft of a fire extinquisher,F,1,0.0,-Inf,3.0,7.0,NA,NA,NA,NA,NA,NA,NA,NA,1.0,NA,NA
grand theft of the 2nd degree,F,2,2.0,0.0,3.5,4.0,NA,NA,1.0,NA,NA,NA,NA,NA,NA,NA,NA
grand theft on 65 yr or older,F,3,1.0,0.0,2.0,2.3333333333333335,NA,NA,1.0,NA,NA,NA,NA,NA,NA,NA,NA
harass witness/victim/information,M,0,1.0,0.0,NaN,NaN,NA,NA,NA,NA,NA,NA,NA,NA,NA,NA,NA
harass witness/victm/informnt,F,1,1.0,0.0,1.0,1.0,NA,NA,NA,NA,NA,NA,NA,NA,NA,NA,NA
harm public servant or family,F,2,0.0,-Inf,4.5,4.0,NA,NA,NA,NA,NA,NA,NA,NA,NA,NA,NA
hiring with intent to defraud,F,1,0.0,-Inf,1.0,1.0,NA,NA,1.0,NA,NA,NA,NA,NA,NA,NA,NA
home invasion robbery,F,0,2.0,1.0,NaN,NaN,NA,NA,NA,NA,NA,NA,NA,NA,NA,NA,NA
imperson public officer or emplyee,F,1,0.0,-Inf,5.0,2.0,NA,NA,1.0,NA,NA,NA,NA,NA,NA,NA,NA
indecent exposure,M,0,6.0,0.0,NaN,NaN,NA,NA,NA,NA,NA,NA,NA,NA,NA,NA,NA
insurance fraud,F,1,0.0,-Inf,3.0,5.0,NA,NA,1.0,NA,NA,NA,NA,NA,NA,NA,NA
interfere w/traf cont dev rr,M,1,0.0,-Inf,1.0,1.0,NA,NA,NA,NA,NA,NA,NA,NA,1.0,NA,NA
interfere with k9/horses duties,M,0,1.0,0.0,NaN,NaN,NA,NA,NA,NA,NA,NA,NA,NA,NA,NA,NA
interference with custody,F,1,0.0,-Inf,3.0,1.0,NA,NA,NA,NA,NA,NA,NA,NA,NA,NA,NA
intoxicated/safety of another,M,1,0.0,-Inf,4.0,3.0,NA,NA,NA,1.0,NA,NA,NA,NA,NA,NA,NA
intoxicating beverages,M,0,1.0,0.0,NaN,NaN,NA,NA,NA,NA,NA,NA,NA,NA,NA,NA,NA
introduce contraband into jail,F,7,2.0,0.0,5.0,4.142857142857143,NA,NA,1.0,NA,NA,NA,NA,NA,NA,NA,NA
issuing a worthless draft,F,1,0.0,-Inf,7.0,8.0,NA,NA,1.0,NA,NA,NA,NA,NA,NA,NA,NA
kidnapping,F,0,1.0,0.0,NaN,NaN,NA,NA,NA,NA,NA,NA,NA,NA,NA,NA,NA
kidnapping (facilitate felony),F,0,1.0,1.0,NaN,NaN,NA,NA,NA,NA,NA,NA,NA,NA,NA,NA,NA
kidnapping / domestic violence,F,2,1.0,1.0,2.0,1.5,1.0,NA,NA,NA,NA,NA,NA,NA,NA,NA,NA
lease for purpose trafficking,F,1,0.0,-Inf,3.0,4.0,NA,1.0,NA,NA,NA,NA,NA,NA,NA,NA,NA
leave acc/attend veh/more $50,M,12,20.0,0.0,3.6666666666666665,3.5,NA,NA,NA,1.0,NA,NA,NA,NA,NA,NA,NA
leave accd/attend veh/less $50,M,2,0.0,-Inf,4.0,2.0,NA,NA,1.0,NA,NA,NA,NA,NA,NA,NA,NA
leaving acc/unattended veh,M,10,0.0,-Inf,2.7,2.2,NA,NA,1.0,NA,NA,NA,NA,NA,NA,NA,NA
leaving the scene of accident,F,13,2.0,0.0,4.3076923076923075,3.076923076923077,NA,NA,NA,NA,NA,NA,NA,NA,NA,NA,NA
lewd act presence child 16-,F,1,0.0,-Inf,1.0,1.0,NA,NA,NA,NA,NA,NA,NA,NA,1.0,NA,NA
lewd or lascivious molestation,F,10,0.0,-Inf,1.9,1.9,1.0,NA,NA,NA,NA,NA,NA,NA,NA,NA,NA
lewd/assignation/prostitution,M,0,1.0,0.0,NaN,NaN,NA,NA,NA,NA,NA,NA,NA,NA,NA,NA,NA
lewd/lasc battery pers 12+/<16,F,5,2.0,0.0,3.2,3.2,1.0,NA,NA,NA,NA,NA,NA,NA,NA,NA,NA
lewd/lasc exhib presence <16yr,F,1,0.0,-Inf,1.0,1.0,NA,NA,NA,NA,NA,NA,NA,NA,1.0,NA,NA
lewd/lasciv molest elder persn,F,1,0.0,-Inf,1.0,1.0,1.0,NA,NA,NA,NA,NA,NA,NA,NA,NA,NA
lewdness violation,M,2,0.0,-Inf,3.0,4.0,NA,NA,NA,NA,NA,NA,NA,NA,1.0,NA,NA
license suspended revoked,M,1,0.0,-Inf,1.0,1.0,NA,NA,NA,1.0,NA,NA,NA,NA,NA,NA,NA
littering,M,1,0.0,-Inf,8.0,8.0,NA,NA,NA,NA,NA,NA,NA,1.0,1.0,NA,NA
live on earnings of prostitute,F,4,0.0,-Inf,6.0,4.75,NA,NA,NA,NA,NA,NA,1.0,NA,NA,NA,NA
loiter solicit act prostitute,M,0,2.0,0.0,NaN,NaN,NA,NA,NA,NA,NA,NA,NA,NA,NA,NA,NA
loiter where sign is posted,M,0,2.0,0.0,NaN,NaN,NA,NA,NA,NA,NA,NA,NA,NA,NA,NA,NA
loitering/prowling,M,0,1.0,0.0,NaN,NaN,NA,NA,NA,NA,NA,NA,NA,NA,NA,NA,NA
lve/scen/acc/veh/prop/damage,M,14,11.0,0.0,2.357142857142857,2.142857142857143,NA,NA,1.0,NA,NA,NA,NA,NA,NA,NA,NA
manage busn w/o city occup lic,M,1,0.0,-Inf,2.0,3.0,NA,NA,NA,NA,NA,NA,NA,NA,NA,NA,NA
mandatory susp possess alcohol,M,0,2.0,0.0,NaN,NaN,NA,NA,NA,NA,NA,NA,NA,NA,NA,NA,NA
manslaughter w/weapon/firearm,F,1,0.0,-Inf,5.0,5.0,1.0,NA,NA,NA,NA,NA,NA,NA,NA,NA,NA
manslaughter with weapon,F,0,1.0,1.0,NaN,NaN,NA,NA,NA,NA,NA,NA,NA,NA,NA,NA,NA
manufacture cannabis,F,8,0.0,-Inf,2.875,1.75,NA,1.0,NA,NA,NA,NA,NA,NA,NA,NA,NA
misuse of 911 or e911 system,M,2,1.0,0.0,6.5,4.5,NA,NA,NA,NA,NA,NA,NA,NA,1.0,NA,NA
misuse of wireless 911 system,M,0,2.0,0.0,NaN,NaN,NA,NA,NA,NA,NA,NA,NA,NA,NA,NA,NA
money launder 100k or more dols,F,1,0.0,-Inf,1.0,1.0,NA,NA,1.0,NA,NA,NA,NA,NA,NA,NA,NA
murder in 2nd degree,F,1,1.0,1.0,1.0,2.0,1.0,NA,NA,NA,NA,NA,NA,NA,NA,NA,NA
murder in 2nd degree w/firearm,F,1,0.0,-Inf,2.0,2.0,1.0,NA,NA,NA,NA,NA,NA,NA,NA,NA,NA
murder in the first degree,F,1,4.0,1.0,5.0,5.0,1.0,NA,NA,NA,NA,NA,NA,NA,NA,NA,NA
neglect child / bodily harm,F,4,2.0,1.0,3.5,2.0,1.0,NA,NA,NA,NA,NA,NA,NA,NA,NA,NA
neglect child / no bodily harm,F,21,7.0,0.0,4.619047619047619,3.857142857142857,NA,NA,NA,NA,NA,NA,NA,NA,NA,NA,NA
neglect child / no bodily harm,M,1,0.0,-Inf,1.0,1.0,NA,NA,NA,NA,NA,NA,NA,NA,NA,NA,NA
neglect/abuse elderly person,F,1,0.0,-Inf,1.0,1.0,1.0,NA,NA,NA,NA,NA,NA,NA,NA,NA,NA
no court susp petit theft,M,0,1.0,0.0,NaN,NaN,NA,NA,NA,NA,NA,NA,NA,NA,NA,NA,NA
no valid dl / non resident,M,0,1.0,0.0,NaN,NaN,NA,NA,NA,NA,NA,NA,NA,NA,NA,NA,NA
no wholesale/ retail dealer lic,M,0,1.0,0.0,NaN,NaN,NA,NA,NA,NA,NA,NA,NA,NA,NA,NA,NA
no/improper drivers license,M,0,1.0,0.0,NaN,NaN,NA,NA,NA,NA,NA,NA,NA,NA,NA,NA,NA
obstruct fire equipment,F,3,1.0,0.0,3.0,5.0,NA,NA,NA,NA,NA,NA,NA,NA,NA,NA,NA
obstruct officer by disguise,M,0,1.0,0.0,NaN,NaN,NA,NA,NA,NA,NA,NA,NA,NA,NA,NA,NA
obstruct officer w/violence,F,1,0.0,-Inf,5.0,5.0,1.0,NA,NA,NA,NA,NA,NA,NA,NA,NA,NA
obstuct by solicitation,M,0,2.0,0.0,NaN,NaN,NA,NA,NA,NA,NA,NA,NA,NA,NA,NA,NA
obtain control substance by fraud,F,1,1.0,0.0,9.0,4.0,NA,1.0,1.0,NA,NA,NA,NA,NA,NA,NA,NA
offer agree secure for lewd act,M,1,0.0,-Inf,2.0,1.0,NA,NA,NA,NA,NA,NA,1.0,NA,NA,NA,NA
offer agree secure/lewd act,F,1,0.0,-Inf,5.0,2.0,NA,NA,NA,NA,NA,NA,NA,NA,1.0,NA,NA
offn against intellectual prop,F,1,0.0,-Inf,4.0,5.0,NA,NA,NA,NA,NA,NA,NA,NA,NA,NA,NA
open carrying of weapon,M,2,1.0,0.0,3.5,5.0,NA,NA,NA,NA,NA,NA,NA,NA,NA,1.0,NA
open container of alcoholic bev,M,0,1.0,0.0,NaN,NaN,NA,NA,NA,NA,NA,NA,NA,NA,NA,NA,NA
oper motorcycle w/o valid dl,M,1,12.0,0.0,6.0,3.0,NA,NA,NA,NA,NA,NA,NA,NA,NA,NA,1.0
operating w/o valid license,M,42,172.0,0.0,4.523809523809524,4.071428571428571,NA,NA,NA,1.0,NA,NA,NA,NA,NA,NA,NA
opert with susp dl 2nd offens,M,8,46.0,0.0,6.75,4.125,NA,NA,NA,1.0,NA,NA,NA,NA,NA,NA,NA
opert with susp dl 2nd offense,M,1,0.0,-Inf,3.0,1.0,NA,NA,NA,1.0,NA,NA,NA,NA,NA,NA,NA
ped obstruct traf/no permit sol,M,0,3.0,0.0,NaN,NaN,NA,NA,NA,NA,NA,NA,NA,NA,NA,NA,NA
permit unauthorizd person drv,M,0,1.0,0.0,NaN,NaN,NA,NA,NA,NA,NA,NA,NA,NA,NA,NA,NA
permit unauthorized minor drv,M,0,1.0,0.0,NaN,NaN,NA,NA,NA,NA,NA,NA,NA,NA,NA,NA,NA
petit theft,M,39,152.0,0.0,5.17948717948718,4.076923076923077,NA,NA,1.0,NA,NA,NA,NA,NA,NA,NA,NA
petit theft $100- $300,M,17,72.0,0.0,4.529411764705882,3.4705882352941178,NA,NA,1.0,NA,NA,NA,NA,NA,NA,NA,NA
petit theft habitual offender,F,0,1.0,0.0,NaN,NaN,NA,NA,NA,NA,NA,NA,NA,NA,NA,NA,NA
petit theft/ prior conviction,M,0,4.0,0.0,NaN,NaN,NA,NA,NA,NA,NA,NA,NA,NA,NA,NA,NA
pl/unlaw use credit card,M,1,0.0,-Inf,6.0,5.0,NA,NA,1.0,NA,NA,NA,NA,NA,NA,NA,NA
pos cannabis for consideration,F,1,0.0,-Inf,3.0,2.0,NA,1.0,NA,NA,NA,NA,NA,NA,NA,NA,NA
pos cannabis w/intent sel/del,F,95,9.0,0.0,5.2105263157894735,4.810526315789474,NA,1.0,NA,NA,NA,NA,NA,NA,NA,NA,NA
pos cannabis w/intent sel/del,M,2,0.0,-Inf,8.0,6.5,NA,1.0,NA,NA,NA,NA,NA,NA,NA,NA,NA
pos methylenedioxymethcath w/i/d/s,F,1,0.0,-Inf,6.0,5.0,NA,1.0,NA,NA,NA,NA,NA,NA,NA,NA,NA
"poss 3,4 mdma (ecstasy)",F,10,0.0,-Inf,5.4,3.0,NA,1.0,NA,NA,NA,NA,NA,NA,NA,NA,NA
poss alprazolam w/int sell/del,F,2,0.0,-Inf,3.0,2.0,NA,1.0,NA,NA,NA,NA,NA,NA,NA,NA,NA
poss anti-shoplifting device,F,3,1.0,0.0,7.333333333333333,4.0,NA,NA,1.0,NA,NA,NA,NA,NA,NA,NA,NA
poss cntrft contr sub w/intent,F,2,0.0,-Inf,10.0,9.0,NA,1.0,NA,NA,NA,NA,NA,NA,NA,NA,NA
poss cocaine/intent to del/sel,F,17,10.0,0.0,6.588235294117647,5.235294117647059,NA,1.0,NA,NA,NA,NA,NA,NA,NA,NA,NA
poss contr subst w/o prescript,F,21,0.0,-Inf,4.714285714285714,3.619047619047619,NA,1.0,NA,NA,NA,NA,NA,NA,NA,NA,NA
poss counterfeit payment inst,F,1,1.0,0.0,7.0,3.0,NA,NA,1.0,NA,NA,NA,NA,NA,NA,NA,NA
poss drugs w/o a prescription,M,2,0.0,-Inf,4.0,2.5,NA,1.0,NA,NA,NA,NA,NA,NA,NA,NA,NA
poss f/arm delinq,F,4,1.0,0.0,8.25,7.5,NA,NA,NA,NA,NA,NA,NA,NA,NA,1.0,NA
poss firearm commission felony,F,0,1.0,0.0,NaN,NaN,NA,NA,NA,NA,NA,NA,NA,NA,NA,NA,NA
poss firearm w/altered id#,F,1,0.0,-Inf,4.0,6.0,NA,NA,NA,NA,NA,NA,NA,NA,NA,1.0,NA
poss handcuff key while ic,F,0,1.0,0.0,NaN,NaN,NA,NA,NA,NA,NA,NA,NA,NA,NA,NA,NA
poss meth/diox/meth/amp (mdma),F,2,1.0,0.0,7.0,6.5,NA,1.0,NA,NA,NA,NA,NA,NA,NA,NA,NA
"poss mot veh mfg ""id"" removed",F,0,1.0,0.0,NaN,NaN,NA,NA,NA,NA,NA,NA,NA,NA,NA,NA,NA
"poss of 1,4-butanediol",F,1,0.0,-Inf,7.0,4.0,NA,1.0,NA,NA,NA,NA,NA,NA,NA,NA,NA
poss of cocaine w/i/d/s 1000ft park,F,6,2.0,0.0,7.833333333333333,5.5,NA,1.0,NA,NA,NA,NA,NA,NA,NA,NA,NA
poss of controlled substance,M,9,3.0,0.0,5.777777777777778,4.444444444444445,NA,1.0,NA,NA,NA,NA,NA,NA,NA,NA,NA
poss of firearm by convic felo,F,3,5.0,0.0,8.0,6.666666666666667,NA,NA,NA,NA,NA,NA,NA,NA,NA,1.0,NA
poss of methylethcathinone,F,3,0.0,-Inf,6.333333333333333,5.0,NA,1.0,NA,NA,NA,NA,NA,NA,NA,NA,NA
poss of rx without rx,M,2,1.0,0.0,2.0,3.0,NA,1.0,NA,NA,NA,NA,NA,NA,NA,NA,NA
poss of vessel w/altered id no,M,1,0.0,-Inf,2.0,3.0,NA,1.0,NA,NA,NA,NA,NA,NA,NA,NA,NA
poss oxycodone w/int/sell/del,F,1,0.0,-Inf,3.0,4.0,NA,1.0,NA,NA,NA,NA,NA,NA,NA,NA,NA
poss pyrrolidinobutiophenone,F,1,0.0,-Inf,9.0,7.0,NA,1.0,NA,NA,NA,NA,NA,NA,NA,NA,NA
poss pyrrolidinovalerophenone,F,38,40.0,0.0,7.105263157894737,5.0,NA,1.0,NA,NA,NA,NA,NA,NA,NA,NA,NA
poss pyrrolidinovalerophenone w/i/d/s,F,1,0.0,-Inf,7.0,3.0,NA,1.0,NA,NA,NA,NA,NA,NA,NA,NA,NA
poss similitude of drivers lic,F,3,1.0,0.0,3.3333333333333335,3.3333333333333335,NA,NA,NA,NA,NA,NA,NA,NA,NA,NA,1.0
poss tetrahydrocannabinols,F,4,0.0,-Inf,5.0,5.75,NA,1.0,NA,NA,NA,NA,NA,NA,NA,NA,NA
poss trifluoromethylphenylpipe,F,1,0.0,-Inf,10.0,8.0,NA,1.0,NA,NA,NA,NA,NA,NA,NA,NA,NA
poss unlaw issue driver licenc,F,6,0.0,-Inf,3.6666666666666665,3.6666666666666665,NA,NA,NA,NA,NA,NA,NA,NA,NA,NA,1.0
poss unlaw issue id,F,2,1.0,0.0,3.0,3.0,NA,NA,NA,NA,NA,NA,NA,NA,NA,NA,NA
poss wep conv felon,F,6,5.0,0.0,7.666666666666667,5.5,NA,NA,NA,NA,NA,NA,NA,NA,NA,1.0,NA
poss/pur/sell/deliver cocaine,F,1,0.0,-Inf,9.0,3.0,NA,1.0,NA,NA,NA,NA,NA,NA,NA,NA,NA
poss/sel/del cocaine 1000ft chur,F,0,1.0,0.0,NaN,NaN,NA,NA,NA,NA,NA,NA,NA,NA,NA,NA,NA
poss/sell/del cocaine 1000ft sch,F,2,1.0,0.0,8.0,7.0,NA,1.0,NA,NA,NA,NA,NA,NA,NA,NA,NA
poss/sell/del/man amobarbital,F,1,0.0,-Inf,7.0,6.0,NA,1.0,NA,NA,NA,NA,NA,NA,NA,NA,NA
poss/sell/deliver clonazepam,F,1,0.0,-Inf,4.0,1.0,NA,1.0,NA,NA,NA,NA,NA,NA,NA,NA,NA
"poss3,4 methylenedioxymethcath",F,72,8.0,0.0,5.208333333333333,4.5,NA,1.0,NA,NA,NA,NA,NA,NA,NA,NA,NA
posses/disply susp/revk/frd dl,M,4,5.0,0.0,2.0,1.75,NA,1.0,NA,NA,NA,NA,NA,NA,NA,NA,NA
possess cannabis 1000ftsch,F,0,1.0,0.0,NaN,NaN,NA,1.0,NA,NA,NA,NA,NA,NA,NA,NA,NA
possess cannabis 1000ftsch,M,1,0.0,-Inf,6.0,2.0,NA,1.0,NA,NA,NA,NA,NA,NA,NA,NA,NA
possess cannabis/20 grams or less,M,96,253.0,0.0,5.458333333333333,4.5625,NA,1.0,NA,NA,NA,NA,NA,NA,NA,NA,NA
possess controlled substance,F,1,0.0,-Inf,1.0,1.0,NA,1.0,NA,NA,NA,NA,NA,NA,NA,NA,NA
possess countrfeit credit card,F,1,1.0,0.0,5.0,3.0,NA,NA,1.0,NA,NA,NA,NA,NA,NA,NA,NA
possess drug paraphernalia,M,8,56.0,0.0,5.75,5.125,NA,1.0,NA,NA,NA,NA,NA,NA,NA,NA,NA
possess field box with registered mark,M,0,1.0,0.0,NaN,NaN,NA,NA,NA,NA,NA,NA,NA,NA,NA,NA,NA
possess mot veh w/alt vin #,F,1,0.0,-Inf,5.0,3.0,NA,NA,1.0,NA,NA,NA,NA,NA,NA,NA,NA
possess tobacco product under 18,M,1,0.0,-Inf,7.0,10.0,NA,NA,NA,NA,NA,NA,NA,NA,NA,NA,NA
possess w/i/utter forged bills,F,1,1.0,0.0,4.0,5.0,NA,NA,1.0,NA,NA,NA,NA,NA,NA,NA,NA
possess weapon on school prop,F,1,0.0,-Inf,1.0,1.0,NA,NA,NA,NA,NA,NA,NA,NA,NA,1.0,NA
possess/use weapon 1 deg felon,F,1,0.0,-Inf,1.0,1.0,NA,NA,NA,NA,NA,NA,NA,NA,NA,1.0,NA
possession burglary tools,F,31,13.0,0.0,4.838709677419355,4.741935483870968,NA,NA,1.0,NA,NA,NA,NA,NA,NA,NA,NA
possession child pornography,F,2,0.0,-Inf,1.0,1.0,NA,NA,NA,NA,NA,NA,NA,NA,1.0,NA,NA
possession false prescription,M,0,1.0,0.0,NaN,NaN,NA,NA,NA,NA,NA,NA,NA,NA,NA,NA,NA
possession firearm school prop,F,1,0.0,-Inf,4.0,8.0,NA,NA,NA,NA,NA,NA,NA,NA,NA,1.0,NA
"possession of 3,4methylenediox",F,1,0.0,-Inf,9.0,9.0,NA,1.0,NA,NA,NA,NA,NA,NA,NA,NA,NA
possession of alcohol under 21,M,1,1.0,0.0,10.0,5.0,NA,NA,NA,1.0,NA,NA,NA,NA,NA,NA,NA
possession of alprazolam,F,50,19.0,0.0,5.14,3.96,NA,1.0,NA,NA,NA,NA,NA,NA,NA,NA,NA
possession of amphetamine,F,6,0.0,-Inf,2.8333333333333335,2.5,NA,1.0,NA,NA,NA,NA,NA,NA,NA,NA,NA
possession of anabolic steroid,F,1,0.0,-Inf,1.0,1.0,NA,1.0,NA,NA,NA,NA,NA,NA,NA,NA,NA
possession of benzylpiperazine,F,2,0.0,-Inf,7.0,8.5,NA,1.0,NA,NA,NA,NA,NA,NA,NA,NA,NA
possession of buprenorphine,F,1,0.0,-Inf,4.0,2.0,NA,1.0,NA,NA,NA,NA,NA,NA,NA,NA,NA
possession of butylone,F,1,0.0,-Inf,6.0,8.0,NA,1.0,NA,NA,NA,NA,NA,NA,NA,NA,NA
possession of cannabis,F,74,30.0,0.0,4.945945945945946,4.0,NA,1.0,NA,NA,NA,NA,NA,NA,NA,NA,NA
possession of cannabis,M,2,0.0,-Inf,2.5,2.0,NA,1.0,NA,NA,NA,NA,NA,NA,NA,NA,NA
possession of carisoprodol,F,2,1.0,0.0,8.5,6.0,NA,1.0,NA,NA,NA,NA,NA,NA,NA,NA,NA
possession of clonazepam,F,1,2.0,0.0,5.0,7.0,NA,1.0,NA,NA,NA,NA,NA,NA,NA,NA,NA
possession of cocaine,F,472,126.0,0.0,5.544491525423729,3.6228813559322033,NA,1.0,NA,NA,NA,NA,NA,NA,NA,NA,NA
possession of cocaine,M,3,1.0,0.0,5.666666666666667,2.6666666666666665,NA,1.0,NA,NA,NA,NA,NA,NA,NA,NA,NA
possession of cocaine 1000ft sch,F,0,1.0,0.0,NaN,NaN,NA,NA,NA,NA,NA,NA,NA,NA,NA,NA,NA
possession of codeine,F,3,0.0,-Inf,5.666666666666667,6.0,NA,1.0,NA,NA,NA,NA,NA,NA,NA,NA,NA
possession of diazepam,F,1,0.0,-Inf,3.0,4.0,NA,1.0,NA,NA,NA,NA,NA,NA,NA,NA,NA
possession of ethylone,F,4,5.0,0.0,3.75,4.0,NA,1.0,NA,NA,NA,NA,NA,NA,NA,NA,NA
possession of fentanyl,F,1,0.0,-Inf,8.0,3.0,NA,1.0,NA,NA,NA,NA,NA,NA,NA,NA,NA
possession of heroin,F,26,9.0,0.0,4.1923076923076925,2.6923076923076925,NA,1.0,NA,NA,NA,NA,NA,NA,NA,NA,NA
possession of hydrocodone,F,11,4.0,0.0,5.7272727272727275,3.8181818181818183,NA,1.0,NA,NA,NA,NA,NA,NA,NA,NA,NA
possession of hydromorphone,F,14,9.0,0.0,3.0714285714285716,2.2142857142857144,NA,1.0,NA,NA,NA,NA,NA,NA,NA,NA,NA
possession of lorazepam,F,1,1.0,0.0,3.0,2.0,NA,1.0,NA,NA,NA,NA,NA,NA,NA,NA,NA
possession of lsd,F,2,0.0,-Inf,6.5,5.0,NA,1.0,NA,NA,NA,NA,NA,NA,NA,NA,NA
possession of methadone,F,1,2.0,0.0,5.0,3.0,NA,1.0,NA,NA,NA,NA,NA,NA,NA,NA,NA
possession of methamphetamine,F,26,8.0,0.0,3.6153846153846154,2.8076923076923075,NA,1.0,NA,NA,NA,NA,NA,NA,NA,NA,NA
possession of methamphetamine,M,1,0.0,-Inf,2.0,3.0,NA,1.0,NA,NA,NA,NA,NA,NA,NA,NA,NA
possession of morphine,F,4,2.0,0.0,3.75,3.25,NA,1.0,NA,NA,NA,NA,NA,NA,NA,NA,NA
possession of oxycodone,F,26,4.0,0.0,4.384615384615385,3.1923076923076925,NA,1.0,NA,NA,NA,NA,NA,NA,NA,NA,NA
possession of paraphernalia,M,1,1.0,0.0,2.0,1.0,NA,NA,NA,NA,NA,NA,NA,NA,NA,NA,NA
possession of phentermine,F,1,0.0,-Inf,4.0,3.0,NA,1.0,NA,NA,NA,NA,NA,NA,NA,NA,NA
possession of xlr11,F,1,3.0,0.0,6.0,3.0,NA,1.0,NA,NA,NA,NA,NA,NA,NA,NA,NA
present proof of invalid insur,M,1,2.0,0.0,6.0,5.0,NA,NA,1.0,NA,NA,NA,NA,NA,NA,NA,NA
principal in the first degree,F,1,0.0,-Inf,7.0,9.0,NA,NA,NA,NA,NA,NA,NA,NA,NA,NA,NA
procure for prostitution,M,0,1.0,0.0,NaN,NaN,NA,NA,NA,NA,NA,NA,NA,NA,NA,NA,NA
procure person und 18/prostitu,F,0,1.0,0.0,NaN,NaN,NA,NA,NA,NA,NA,NA,NA,NA,NA,NA,NA
prostitution,M,1,1.0,0.0,1.0,1.0,NA,NA,NA,NA,NA,NA,1.0,NA,NA,NA,NA
prostitution/lewd act assignation,M,9,8.0,0.0,4.333333333333333,3.4444444444444446,NA,NA,NA,NA,NA,NA,1.0,NA,NA,NA,NA
prostitution/lewdness/assign,M,2,0.0,-Inf,5.5,3.5,NA,NA,NA,NA,NA,NA,1.0,NA,NA,NA,NA
prowling/loitering,M,14,31.0,0.0,7.071428571428571,6.571428571428571,NA,NA,NA,NA,NA,NA,NA,1.0,NA,NA,NA
purchase cannabis,F,6,0.0,-Inf,5.333333333333333,4.833333333333333,NA,1.0,NA,NA,NA,NA,NA,NA,NA,NA,NA
purchase of cocaine,F,1,1.0,0.0,3.0,3.0,NA,1.0,NA,NA,NA,NA,NA,NA,NA,NA,NA
purchase/p/w/int cannabis,F,1,0.0,-Inf,4.0,5.0,NA,1.0,NA,NA,NA,NA,NA,NA,NA,NA,NA
purchasing of alprazolam,F,1,0.0,-Inf,2.0,1.0,NA,1.0,NA,NA,NA,NA,NA,NA,NA,NA,NA
racing on highway,M,0,1.0,0.0,NaN,NaN,NA,NA,NA,NA,NA,NA,NA,NA,NA,NA,NA
reckless display of weapon,M,0,1.0,0.0,NaN,NaN,NA,NA,NA,NA,NA,NA,NA,NA,NA,NA,NA
reckless driving,M,9,14.0,0.0,4.333333333333333,3.6666666666666665,NA,NA,NA,1.0,NA,NA,NA,NA,NA,NA,NA
refuse submit blood/breath test,M,2,5.0,0.0,4.0,2.5,NA,NA,NA,NA,NA,NA,NA,NA,NA,NA,NA
refuse to supply dna sample,M,1,0.0,-Inf,2.0,2.0,NA,NA,NA,NA,NA,NA,NA,NA,NA,NA,NA
renting for prostitution,M,0,1.0,0.0,NaN,NaN,NA,NA,NA,NA,NA,NA,NA,NA,NA,NA,NA
resist merchant w or w/o viol,M,0,5.0,0.0,NaN,NaN,NA,NA,NA,NA,NA,NA,NA,NA,NA,NA,NA
resist officer w/violence,F,55,10.0,0.0,4.836363636363636,4.1454545454545455,1.0,NA,NA,NA,NA,NA,NA,NA,NA,NA,NA
resist officer w/violence,M,4,0.0,-Inf,3.25,2.5,1.0,NA,NA,NA,NA,NA,NA,NA,NA,NA,NA
resist/obstruct w/o violence,M,45,201.0,0.0,5.066666666666666,4.622222222222222,NA,NA,NA,NA,NA,NA,NA,NA,NA,NA,NA
resisting w/o violence,M,0,3.0,0.0,NaN,NaN,NA,NA,NA,NA,NA,NA,NA,NA,NA,NA,NA
restraining order dating viol,M,1,1.0,0.0,8.0,2.0,1.0,NA,NA,NA,NA,NA,NA,NA,NA,NA,NA
retail theft,M,0,1.0,0.0,NaN,NaN,NA,NA,NA,NA,NA,NA,NA,NA,NA,NA,NA
retail theft $300 1st offense,F,3,2.0,0.0,5.333333333333333,3.6666666666666665,NA,NA,1.0,NA,NA,NA,NA,NA,NA,NA,NA
retail theft $300 2nd offense,F,1,0.0,-Inf,2.0,2.0,NA,NA,1.0,NA,NA,NA,NA,NA,NA,NA,NA
retail/farm/fare/theft,M,0,3.0,0.0,NaN,NaN,NA,NA,NA,NA,NA,NA,NA,NA,NA,NA,NA
retaliate wit/vict no injury,F,0,1.0,0.0,NaN,NaN,NA,NA,NA,NA,NA,NA,NA,NA,NA,NA,NA
ride tri-rail without paying,M,4,0.0,-Inf,4.5,3.0,NA,NA,1.0,NA,NA,NA,NA,NA,NA,NA,NA
robbery,F,0,1.0,1.0,NaN,NaN,NA,NA,NA,NA,NA,NA,NA,NA,NA,NA,NA
robbery / no weapon,F,18,26.0,1.0,5.5,4.555555555555555,NA,NA,1.0,NA,NA,NA,NA,NA,NA,NA,NA
robbery / no weapon,M,3,0.0,-Inf,6.0,6.333333333333333,NA,NA,1.0,NA,NA,NA,NA,NA,NA,NA,NA
robbery / weapon,F,6,3.0,1.0,5.166666666666667,3.6666666666666665,1.0,NA,1.0,NA,NA,NA,NA,NA,NA,NA,NA
robbery firearm wearing mask,F,0,1.0,0.0,NaN,NaN,NA,NA,NA,NA,NA,NA,NA,NA,NA,NA,NA
robbery sudd snatch no weapon,F,14,13.0,1.0,5.428571428571429,5.357142857142857,NA,NA,1.0,NA,NA,NA,NA,NA,NA,NA,NA
robbery sudd snatch w/weapon,F,0,1.0,1.0,NaN,NaN,NA,NA,NA,NA,NA,NA,NA,NA,NA,NA,NA
robbery w/deadly weapon,F,1,1.0,1.0,4.0,5.0,NA,NA,1.0,NA,NA,NA,NA,NA,NA,NA,NA
robbery w/firearm,F,7,14.0,1.0,4.142857142857143,3.857142857142857,1.0,NA,NA,NA,NA,NA,NA,NA,NA,NA,NA
robbery-strong arm w/mask,F,0,1.0,1.0,NaN,NaN,NA,NA,NA,NA,NA,NA,NA,NA,NA,NA,NA
"s/m/d/p/w/i sch 1a,1b,1d,2a,2b",F,0,1.0,0.0,NaN,NaN,NA,NA,NA,NA,NA,NA,NA,NA,NA,NA,NA
s/m/d/p/w/int 1000 sch/child c,F,0,1.0,0.0,NaN,NaN,NA,NA,NA,NA,NA,NA,NA,NA,NA,NA,NA
sale of alcoholic bev to minor,M,0,1.0,0.0,NaN,NaN,NA,NA,NA,NA,NA,NA,NA,NA,NA,NA,NA
sale/del cannabis at/near scho,F,3,0.0,-Inf,7.0,4.666666666666667,NA,1.0,NA,NA,NA,NA,NA,NA,NA,NA,NA
sale/del cocaine child care fac,F,0,1.0,0.0,NaN,NaN,NA,NA,NA,NA,NA,NA,NA,NA,NA,NA,NA
sale/del counterfeit cont subs,F,1,0.0,-Inf,1.0,2.0,NA,NA,1.0,NA,NA,NA,NA,NA,NA,NA,NA
sel etc/pos/w/int contrft schd,F,1,0.0,-Inf,5.0,2.0,NA,1.0,NA,NA,NA,NA,NA,NA,NA,NA,NA
sel/man/del/pos/w/int diazepam,F,0,1.0,0.0,NaN,NaN,NA,NA,NA,NA,NA,NA,NA,NA,NA,NA,NA
sel/pur/mfr/del control substa,F,1,0.0,-Inf,5.0,5.0,NA,1.0,NA,NA,NA,NA,NA,NA,NA,NA,NA
sell cannabis,F,1,0.0,-Inf,7.0,7.0,NA,1.0,NA,NA,NA,NA,NA,NA,NA,NA,NA
sell cannabis 1000ftsch,F,0,1.0,0.0,NaN,NaN,NA,NA,NA,NA,NA,NA,NA,NA,NA,NA,NA
sell cocaine 1000ft school,F,0,2.0,0.0,NaN,NaN,NA,NA,NA,NA,NA,NA,NA,NA,NA,NA,NA
sell conterfeit cont substance,F,1,0.0,-Inf,10.0,9.0,NA,NA,1.0,NA,NA,NA,NA,NA,NA,NA,NA
sell methamphetamine,F,0,1.0,0.0,NaN,NaN,NA,NA,NA,NA,NA,NA,NA,NA,NA,NA,NA
sell or offer for sale counterfeit goods,F,3,0.0,-Inf,1.6666666666666667,1.3333333333333333,NA,NA,1.0,NA,NA,NA,NA,NA,NA,NA,NA
sell/man/del pos/w/int heroin,F,1,2.0,0.0,2.0,2.0,NA,1.0,NA,NA,NA,NA,NA,NA,NA,NA,NA
sell/man/del/pos/w/int methado,F,0,1.0,0.0,NaN,NaN,NA,NA,NA,NA,NA,NA,NA,NA,NA,NA,NA
sex batt faml/cust vict 12-17y,F,1,2.0,1.0,3.0,1.0,1.0,NA,NA,NA,NA,NA,NA,NA,NA,NA,NA
sex battery deft 18+/vict 11-,F,1,1.0,1.0,1.0,2.0,1.0,NA,NA,NA,NA,NA,NA,NA,NA,NA,NA
sex offender fail comply w/law,F,2,2.0,0.0,3.0,2.5,1.0,NA,NA,NA,NA,NA,NA,NA,NA,NA,NA
sexual battery / vict 12 yrs +,F,3,5.0,1.0,5.333333333333333,4.0,1.0,NA,NA,NA,NA,NA,NA,NA,NA,NA,NA
sexual battery victim 12 yrs +,F,0,1.0,0.0,NaN,NaN,NA,NA,NA,NA,NA,NA,NA,NA,NA,NA,NA
sexual performance by a child,F,1,0.0,-Inf,1.0,1.0,NA,NA,NA,NA,NA,NA,NA,NA,NA,NA,NA
shoot in occupied building,F,0,1.0,1.0,NaN,NaN,NA,NA,NA,NA,NA,NA,NA,NA,NA,NA,NA
shoot in occupied dwell,F,1,0.0,-Inf,7.0,7.0,1.0,NA,NA,NA,NA,NA,NA,NA,NA,NA,NA
shoot into vehicle,F,3,0.0,-Inf,8.0,7.333333333333333,NA,NA,NA,NA,NA,NA,NA,NA,NA,NA,NA
shoot/throw into vehicle,F,0,1.0,1.0,NaN,NaN,NA,NA,NA,NA,NA,NA,NA,NA,NA,NA,NA
simulation of legal process,M,1,0.0,-Inf,2.0,2.0,NA,NA,NA,NA,NA,NA,NA,NA,NA,NA,NA
sleeping on beach,M,0,1.0,0.0,NaN,NaN,NA,NA,NA,NA,NA,NA,NA,NA,NA,NA,NA
solic to commit battery,M,2,0.0,-Inf,2.0,1.5,1.0,NA,NA,NA,NA,NA,NA,NA,NA,NA,NA
solicit deliver cocaine,F,4,0.0,-Inf,3.75,3.5,NA,1.0,NA,NA,NA,NA,NA,NA,NA,NA,NA
solicit prostitutionviolation,M,0,3.0,0.0,NaN,NaN,NA,NA,NA,NA,NA,NA,NA,NA,NA,NA,NA
solicit purchase cocaine,F,1,0.0,-Inf,1.0,1.0,NA,1.0,NA,NA,NA,NA,NA,NA,NA,NA,NA
solicit to deliver cocaine,F,1,0.0,-Inf,3.0,1.0,NA,1.0,NA,NA,NA,NA,NA,NA,NA,NA,NA
solicitation on felony 3 deg,F,4,0.0,-Inf,3.25,2.25,NA,NA,NA,NA,NA,NA,NA,NA,NA,NA,NA
soliciting for prostitution,M,2,0.0,-Inf,4.5,3.5,NA,NA,NA,NA,NA,NA,1.0,NA,NA,NA,NA
sound articles over 100,F,1,0.0,-Inf,1.0,1.0,NA,NA,NA,NA,NA,NA,NA,NA,NA,NA,NA
stalking,M,1,1.0,0.0,1.0,1.0,NA,NA,NA,NA,NA,1.0,NA,NA,NA,NA,NA
stalking (aggravated),F,8,11.0,1.0,2.5,2.375,NA,NA,NA,NA,NA,1.0,NA,NA,NA,NA,NA
strong armed  robbery,F,3,3.0,1.0,8.0,4.333333333333333,NA,NA,1.0,NA,NA,NA,NA,NA,NA,NA,NA
structuring transactions,F,1,0.0,-Inf,1.0,1.0,NA,NA,1.0,NA,NA,NA,NA,NA,NA,NA,NA
susp drivers lic 1st offense,M,57,128.0,0.0,4.385964912280702,3.3684210526315788,NA,NA,NA,1.0,NA,NA,NA,NA,NA,NA,NA
take copper other metal intrf/damg utility,F,0,1.0,0.0,NaN,NaN,NA,NA,NA,NA,NA,NA,NA,NA,NA,NA,NA
tamper with victim,F,2,2.0,0.0,5.0,4.0,NA,NA,NA,NA,NA,NA,NA,NA,NA,NA,NA
tamper with witness,F,3,0.0,-Inf,3.6666666666666665,3.0,NA,NA,NA,NA,NA,NA,NA,NA,NA,NA,NA
tamper with witness/victim/ci,F,22,5.0,0.0,4.2272727272727275,3.5454545454545454,NA,NA,NA,NA,NA,NA,NA,NA,NA,NA,NA
tamper with witness/victim/ci,M,1,0.0,-Inf,1.0,1.0,NA,NA,NA,NA,NA,NA,NA,NA,NA,NA,NA
tampering with a victim,F,1,3.0,0.0,3.0,3.0,NA,NA,NA,NA,NA,NA,NA,NA,NA,NA,NA
tampering with physical evidence,F,46,23.0,0.0,6.0,4.434782608695652,NA,NA,NA,NA,NA,NA,NA,NA,NA,NA,NA
tampering with physical evidence,M,1,1.0,0.0,2.0,2.0,NA,NA,NA,NA,NA,NA,NA,NA,NA,NA,NA
temporary tag violation,M,0,2.0,0.0,NaN,NaN,NA,NA,NA,NA,NA,NA,NA,NA,NA,NA,NA
theft,M,1,0.0,-Inf,1.0,1.0,NA,NA,1.0,NA,NA,NA,NA,NA,NA,NA,NA
theft/to deprive,M,1,8.0,0.0,7.0,2.0,NA,NA,1.0,NA,NA,NA,NA,NA,NA,NA,NA
threat public servant,F,3,3.0,1.0,6.666666666666667,7.0,NA,NA,NA,NA,NA,NA,NA,NA,1.0,NA,NA
threaten throw destruct device,F,0,1.0,1.0,NaN,NaN,NA,NA,NA,NA,NA,NA,NA,NA,NA,NA,NA
throw deadly missile into veh,F,3,10.0,1.0,3.3333333333333335,2.6666666666666665,1.0,NA,NA,NA,NA,NA,NA,NA,NA,NA,NA
throw in occupied dwell,F,1,1.0,1.0,1.0,1.0,NA,NA,NA,NA,NA,NA,NA,1.0,NA,NA,NA
throw missile into pub/priv dw,F,1,1.0,0.0,2.0,3.0,NA,NA,NA,NA,NA,NA,NA,NA,NA,NA,NA
traff in cocaine <400g>150 kil,F,1,0.0,-Inf,5.0,4.0,NA,1.0,NA,NA,NA,NA,NA,NA,NA,NA,NA
traffic counterfeit cred cards,F,1,0.0,-Inf,4.0,3.0,NA,NA,1.0,NA,NA,NA,NA,NA,NA,NA,NA
traffick amphetamine 14g><28g,F,0,1.0,0.0,NaN,NaN,NA,NA,NA,NA,NA,NA,NA,NA,NA,NA,NA
traffick amphetamine 28g><200g,F,2,0.0,-Inf,3.5,2.5,NA,1.0,NA,NA,NA,NA,NA,NA,NA,NA,NA
traffick hydrocodone   4g><14g,F,1,1.0,0.0,9.0,6.0,NA,1.0,NA,NA,NA,NA,NA,NA,NA,NA,NA
traffick oxycodone     4g><14g,F,2,0.0,-Inf,1.5,1.5,NA,1.0,NA,NA,NA,NA,NA,NA,NA,NA,NA
traffick oxycodone    14g><28g,F,0,1.0,0.0,NaN,NaN,NA,NA,NA,NA,NA,NA,NA,NA,NA,NA,NA
traffick oxycodone 14-25 grams,F,0,1.0,0.0,NaN,NaN,NA,NA,NA,NA,NA,NA,NA,NA,NA,NA,NA
trafficking 4-14 grams heroin,F,0,1.0,0.0,NaN,NaN,NA,NA,NA,NA,NA,NA,NA,NA,NA,NA,NA
trafficking in cocaine 200-400,F,0,1.0,0.0,NaN,NaN,NA,NA,NA,NA,NA,NA,NA,NA,NA,NA,NA
trafficking in cocaine 28><200,F,0,3.0,0.0,NaN,NaN,NA,NA,NA,NA,NA,NA,NA,NA,NA,NA,NA
"trafficking in cocaine,+28-200",F,0,1.0,0.0,NaN,NaN,NA,NA,NA,NA,NA,NA,NA,NA,NA,NA,NA
trans/harm/material to a minor,F,1,0.0,-Inf,3.0,4.0,1.0,NA,NA,NA,NA,NA,NA,NA,NA,NA,NA
transport prostitution,M,0,1.0,0.0,NaN,NaN,NA,NA,NA,NA,NA,NA,NA,NA,NA,NA,NA
trespass,M,0,8.0,0.0,NaN,NaN,NA,NA,NA,NA,NA,NA,NA,NA,NA,NA,NA
trespass after warning,M,0,15.0,0.0,NaN,NaN,NA,NA,NA,NA,NA,NA,NA,NA,NA,NA,NA
trespass on school grounds,M,1,0.0,-Inf,7.0,7.0,NA,NA,NA,NA,NA,NA,NA,NA,1.0,NA,NA
trespass other struct/conve,M,1,27.0,0.0,7.0,4.0,NA,NA,1.0,NA,NA,NA,NA,NA,NA,NA,NA
trespass other struct/convey,M,0,19.0,0.0,NaN,NaN,NA,NA,NA,NA,NA,NA,NA,NA,NA,NA,NA
trespass private property,M,1,0.0,-Inf,10.0,4.0,NA,NA,NA,NA,NA,NA,NA,1.0,NA,NA,NA
trespass property w/dang weap,F,1,0.0,-Inf,8.0,3.0,NA,NA,1.0,NA,NA,NA,NA,NA,NA,NA,NA
trespass property w/dang weap,M,0,1.0,0.0,NaN,NaN,NA,NA,1.0,NA,NA,NA,NA,NA,NA,NA,NA
trespass struct/convey occupy,M,1,5.0,0.0,9.0,5.0,NA,NA,1.0,NA,NA,NA,NA,1.0,NA,NA,NA
trespass struct/conveyance,M,4,30.0,0.0,5.5,5.5,NA,NA,1.0,NA,NA,NA,NA,NA,NA,NA,NA
trespass structure w/dang weap,F,2,0.0,-Inf,2.0,1.0,NA,NA,1.0,NA,NA,NA,NA,NA,NA,NA,NA
trespass structure/conveyance,M,2,7.0,0.0,9.5,5.0,NA,NA,NA,NA,NA,NA,NA,1.0,NA,NA,NA
trespass/property/other structure,M,0,8.0,0.0,NaN,NaN,NA,NA,NA,NA,NA,NA,NA,NA,NA,NA,NA
trespassing,M,0,2.0,0.0,NaN,NaN,NA,NA,NA,NA,NA,NA,NA,NA,NA,NA,NA
trespassing/construction site,F,4,0.0,-Inf,3.75,3.25,NA,NA,NA,NA,NA,NA,NA,1.0,NA,NA,NA
tresspass in struct/convey occupy,M,0,8.0,0.0,NaN,NaN,NA,NA,NA,NA,NA,NA,NA,NA,NA,NA,NA
tresspass in structure or conveyance,M,2,1.0,0.0,5.0,3.0,NA,NA,NA,1.0,NA,NA,NA,1.0,NA,NA,NA
tresspass struct/conveyance,M,5,1.0,0.0,3.2,2.4,NA,NA,NA,NA,NA,NA,NA,1.0,NA,NA,NA
unauth c/p/s sounds>1000/audio,F,1,1.0,0.0,7.0,5.0,NA,NA,NA,NA,NA,NA,NA,NA,NA,NA,NA
unauth poss id card or dl,F,9,1.0,0.0,4.0,3.7777777777777777,NA,NA,1.0,NA,NA,NA,NA,NA,NA,NA,NA
unauthorized interf w/railroad,F,1,0.0,-Inf,2.0,3.0,NA,NA,NA,NA,NA,NA,NA,NA,1.0,NA,NA
unemployment compensatn fraud,F,2,0.0,-Inf,1.0,1.0,NA,NA,1.0,NA,NA,NA,NA,NA,NA,NA,NA
unl/disturb education/instui,M,1,0.0,-Inf,3.0,6.0,NA,NA,NA,NA,NA,NA,NA,NA,1.0,NA,NA
unlaw lic use/disply of others,M,1,0.0,-Inf,3.0,3.0,NA,NA,NA,NA,NA,NA,NA,NA,NA,NA,NA
unlaw lictag/sticker attach,M,9,63.0,0.0,3.111111111111111,2.7777777777777777,NA,NA,NA,NA,NA,NA,NA,NA,NA,NA,1.0
unlaw malic strike k9/horses,M,0,3.0,0.0,NaN,NaN,NA,NA,NA,NA,NA,NA,NA,NA,NA,NA,NA
unlaw pos of prson id of another,M,0,1.0,0.0,NaN,NaN,NA,NA,NA,NA,NA,NA,NA,NA,NA,NA,NA
unlaw use false name/identity,M,8,56.0,0.0,6.5,5.25,NA,NA,1.0,NA,NA,NA,NA,NA,NA,NA,NA
unlawful assembly,M,0,1.0,0.0,NaN,NaN,NA,NA,NA,NA,NA,NA,NA,NA,NA,NA,NA
unlawful conveyance of fuel,F,1,0.0,-Inf,8.0,4.0,NA,NA,1.0,NA,NA,NA,NA,NA,NA,NA,NA
unlawful use of license,M,0,1.0,0.0,NaN,NaN,NA,NA,NA,NA,NA,NA,NA,NA,NA,NA,NA
unlawful use of police badges,M,1,0.0,-Inf,8.0,5.0,NA,NA,1.0,NA,NA,NA,NA,NA,NA,NA,NA
unlicensed contractor,M,0,2.0,0.0,NaN,NaN,NA,NA,NA,NA,NA,NA,NA,NA,NA,NA,NA
unlicensed telemarketing,F,2,0.0,-Inf,3.5,2.5,NA,NA,1.0,NA,NA,NA,NA,NA,NA,NA,NA
unnatural/lascivious act,M,0,2.0,0.0,NaN,NaN,NA,NA,NA,NA,NA,NA,NA,NA,NA,NA,NA
use computer for child exploit,F,1,1.0,0.0,1.0,2.0,NA,NA,1.0,NA,NA,NA,NA,NA,1.0,NA,NA
use fraud obt rcpt/false rcpt,M,0,1.0,0.0,NaN,NaN,NA,NA,NA,NA,NA,NA,NA,NA,NA,NA,NA
use lost or stolen credit card,M,0,1.0,0.0,NaN,NaN,NA,NA,NA,NA,NA,NA,NA,NA,NA,NA,NA
use of 2 way device to fac fel,F,1,0.0,-Inf,4.0,3.0,NA,NA,1.0,NA,NA,NA,NA,NA,NA,NA,NA
use of anti-shoplifting device,F,4,7.0,0.0,3.75,2.25,NA,NA,1.0,NA,NA,NA,NA,NA,NA,NA,NA
use scanning device to defraud,F,2,1.0,0.0,2.5,3.5,NA,NA,1.0,NA,NA,NA,NA,NA,NA,NA,NA
use/poss/drug para/plant/grow,M,0,1.0,0.0,NaN,NaN,NA,NA,NA,NA,NA,NA,NA,NA,NA,NA,NA
utilizing juvenile to deliver,F,0,1.0,0.0,NaN,NaN,NA,NA,NA,NA,NA,NA,NA,NA,NA,NA,NA
uttering a forged instrument,F,56,18.0,0.0,4.928571428571429,4.392857142857143,NA,NA,1.0,NA,NA,NA,NA,NA,NA,NA,NA
uttering forged bills,F,5,2.0,0.0,5.6,4.2,NA,NA,1.0,NA,NA,NA,NA,NA,NA,NA,NA
uttering forged credit card,F,2,0.0,-Inf,3.0,4.0,NA,NA,1.0,NA,NA,NA,NA,NA,NA,NA,NA
uttering worthless check +$150,F,1,0.0,-Inf,1.0,1.0,NA,NA,1.0,NA,NA,NA,NA,NA,NA,NA,NA
vehicular homicide,F,0,1.0,1.0,NaN,NaN,NA,NA,NA,NA,NA,NA,NA,NA,NA,NA,NA
video voyeur-<24y on child >16,F,1,0.0,-Inf,2.0,1.0,NA,NA,NA,NA,NA,1.0,NA,NA,NA,NA,NA
viol injunct domestic violence,M,48,40.0,0.0,3.5416666666666665,2.7291666666666665,1.0,NA,NA,NA,NA,NA,NA,NA,NA,NA,NA
viol injunction protect dom vi,M,6,5.0,0.0,2.6666666666666665,2.1666666666666665,1.0,NA,NA,NA,NA,NA,NA,NA,NA,NA,NA
viol injunction protect dom violence,M,0,1.0,0.0,NaN,NaN,NA,NA,NA,NA,NA,NA,NA,NA,NA,NA,NA
viol pretrial release dom viol,M,12,37.0,0.0,5.5,4.583333333333333,1.0,NA,NA,NA,NA,NA,NA,NA,NA,NA,NA
viol prot injunc repeat viol,M,21,6.0,0.0,4.428571428571429,3.2857142857142856,1.0,NA,NA,NA,NA,NA,NA,NA,NA,NA,NA
violation license restrictions,M,2,2.0,0.0,4.5,2.0,NA,NA,NA,NA,NA,NA,NA,NA,NA,NA,1.0
violation of boater safety id,M,1,0.0,-Inf,4.0,3.0,NA,NA,NA,NA,NA,NA,NA,NA,NA,NA,1.0
violation of injunction order/stalking/cyberstalking,M,1,1.0,0.0,2.0,1.0,NA,NA,NA,NA,NA,1.0,NA,NA,NA,NA,NA
voyeurism,M,1,0.0,-Inf,8.0,7.0,NA,NA,NA,NA,NA,1.0,NA,NA,NA,NA,NA
wear mask w/commit offense,F,0,1.0,0.0,NaN,NaN,NA,NA,NA,NA,NA,NA,NA,NA,NA,NA,NA
